id_processo,status,assunto,classe,foro,juiz,vara,distribuicao,local_fisico,controle,area,valor_da_acao,outros_numeros,cdp,digital,outros_assuntos,apensado_ao
0036023-16.2008.8.26.0405,NA,Contratos Bancários,Cumprimento de sentença,Foro de Osasco,Renata Soubhie Nogueira Borio,6ª Vara Cível,12/09/2008 às 13:37 - Livre,11/02/2020 00:00 - Arquivo Geral,2008/001707,Cível,"R$ 48.468,97","405.01.2008.036023, 0036023-16.2008.8.26.0405",B9Z080RSN0000,FALSE,NA,NA
1003820-74.2018.8.26.0100,Em grau de recurso,Pagamento em Consignação,Procedimento Comum Cível,Foro Central Cível,Celso Lourenço Morgado,39ª Vara Cível,19/01/2018 às 18:09 - Livre,NA,2018/000071,Cível,"R$ 197.609,51",NA,2S000TA6E0000,FALSE,NA,NA
1008365-80.2020.8.26.0016,Extinto,Obrigações,Procedimento do Juizado Especial Cível,Foro Central Juizados Especiais Cíveis,Eliana Adorno de Toledo Tavares,1ª Vara do Juizado Especial Cível - Vergueiro,21/07/2020 às 16:29 - Livre,NA,2020/004511,Cível,"R$ 19.245,22",NA,0G0007UG00000,TRUE,Prestação de Serviços,NA
1039965-61.2020.8.26.0100,Tramitação prioritária,Gestão de Negócios,Procedimento Comum Cível,Foro Central Cível,Andre Salomon Tudisco,1ª VARA EMPRESARIAL E CONFLITOS DE ARBITRAGEM,01/06/2020 às 17:39 - Livre,NA,2020/000493,Cível,"R$ 84.453.238,00",NA,2S001959K0000,TRUE,Revisão de Tutela Antecipada Antecedente,NA
1078029-19.2015.8.26.0100,"Suspenso, Tramitação prioritária",Planos de Saúde,Procedimento Comum Cível,Foro Central Cível,Ana Laura Correa Rodrigues,3ª Vara Cível,04/08/2015 às 08:07 - Livre,NA,2015/001450,Cível,"R$ 1.000,00",NA,2S000HQ8X0000,TRUE,NA,NA
1091183-31.2020.8.26.0100,NA,Classificação de créditos,Recuperação Judicial,Foro Central Cível,Leonardo Fernandes dos Santos,1ª Vara de Falências e Recuperações Judiciais,29/09/2020 às 20:18 - Livre,NA,2020/005121,Cível,"R$ 25.092.714,19",NA,2S001BCDM0000,TRUE,NA,NA
1006290-39.2022.8.26.0100,Tramitação prioritária,Doação,Procedimento Comum Cível,Foro Central Cível,Thania Pereira Teixeira De Carvalho Cardin,36ª Vara Cível,27/01/2022 às 16:11 - Livre,NA,2022/000123,Cível,"R$ 2.561.010,00",NA,2S001IVDD0000,TRUE,Perdas e Danos,NA
1044341-56.2021.8.26.0100,NA,Indenização por Dano Material,Ação Civil Coletiva,Foro Central Cível,Luiz Gustavo Esteves,11ª Vara Cível,04/05/2021 às 14:32 - Livre,NA,2021/000665,Cível,"R$ 19.153.778.749,12",NA,2S001EORR0000,TRUE,Bancários,NA
0000124-63.2009.8.26.0132,Em grau de recurso,Contratos Bancários,Procedimento Comum Cível,Foro de Catanduva,MARIA CLARA SCHMIDT DE FREITAS,2ª Vara Cível,07/01/2009 às 17:04 - Direcionada,16/09/2009 00:00 - Conversão de Dados - Tribunal de Justiça,2009/000068,Cível,"R$ 1.499,40","0000124-63.2009.8.26.0132, 132.01.2009.000124",3OZ09003G0000,FALSE,NA,NA
0000688-42.2009.8.26.0132,Em grau de recurso,NA,Outros Feitos não Especificados,Foro de Catanduva,MARIA CLARA SCHMIDT DE FREITAS,2ª Vara Cível,10/02/2009 às 13:31 - Livre,25/02/2010 00:00 - Conversão de Dados - Tribunal de Justiça - Remetido ao Egregio Tribunal de Justiça do Estado de São Paulo- Seção de Direi,2009/000266,Cível,"R$ 5.720,16","0000688-42.2009.8.26.0132, 132.01.2009.000688",3OZ0900J40000,FALSE,NA,NA
0010790-60.2008.8.26.0132,Em grau de recurso,Contratos Bancários,Procedimento Comum Cível,Foro de Catanduva,Marcelo Eduardo de Souza,3ª Vara Cível,18/08/2008 às 16:05 - Livre,24/06/2009 00:00 - Conversão de Dados - Tribunal de Justiça,2008/001172,Cível,"R$ 3.463,03","132.01.2008.010790, 0010790-60.2008.8.26.0132",3OZ0808BQ0000,FALSE,NA,NA
0017220-28.2008.8.26.0132,Em grau de recurso,NA,Outros Feitos não Especificados,Foro de Catanduva,MARIA CLARA SCHMIDT DE FREITAS,2ª Vara Cível,29/12/2008 às 11:47 - Livre,24/02/2010 00:00 - Conversão de Dados - Tribunal de Justiça - Remetido ao Eg.Trib.Justiça-SP.-Seção de Dir.Privado II-Compl. Ipiranga-Sala 4,2008/001714,Cível,"R$ 844,56","0017220-28.2008.8.26.0132, 132.01.2008.017220",3OZ080DAC0000,FALSE,NA,NA
0149366-24.1997.8.26.0001,NA,DIREITO CIVIL,Execução de Título Extrajudicial,Foro Regional I - Santana,DANIELA CLAUDIA HERRERA XIMENES,2ª Vara Cível,18/12/1997 às 13:34 - Livre,NA,1997/003057,Cível,"R$ 73.062,83","001.97.149366-9, 583.01.1997.149366",01ZX11UBA0000,TRUE,NA,NA
0235744-88.2008.8.26.0100,Em grau de recurso,NA,Procedimento Comum Cível,Foro Central Cível,Márcio Teixeira Laranjo,21ª Vara Cível,20/03/2009 às 15:44 - Livre,23/11/2009 00:00 - Conversão de Dados - Tribunal de Justiça - Remetido ao TJ 11 a 24 Câmaras (02 vols),2009/000773,Cível,"R$ 20.000,00",583.00.2008.235744,2SZX7NGM80000,FALSE,NA,NA
1009822-85.2020.8.26.0554,Em grau de recurso,Práticas Abusivas,Procedimento Comum Cível,Foro de Santo André,Marcio Bonetti,7ª Vara Cível,09/06/2020 às 14:13 - Livre,NA,2020/000633,Cível,"R$ 100.270,00",NA,FE000C84N0000,FALSE,Dever de Informação,NA
1020332-30.2020.8.26.0564,Em grau de recurso,Enriquecimento sem Causa,Procedimento Comum Cível,Foro de São Bernardo do Campo,NA,6ª Vara Cível,14/09/2020 às 17:10 - Livre,NA,2020/001215,Cível,"R$ 101.433,00",NA,FO000ER4J0000,FALSE,NA,NA
1037098-72.2018.8.26.0001,Em grau de recurso,Contratos Bancários,Procedimento Comum Cível,Foro Regional I - Santana,Ariane de Fátima Alves Dias Paukoski Simoni,1ª Vara Cível,20/12/2018 às 13:50 - Livre,NA,2018/002308,Cível,"R$ 30.000,00",NA,01001FN4L0000,FALSE,Perdas e Danos,NA
1103257-54.2019.8.26.0100,Tramitação prioritária,Concurso de Credores,Recuperação Judicial,Foro Central Cível,PAULO FURTADO DE OLIVEIRA FILHO,2ª Vara de Falências e Recuperações Judiciais,16/10/2019 às 05:09 - Livre,NA,2019/004372,Cível,"R$ 3.158.640.708,49",NA,2S0015CS90000,TRUE,NA,NA
0001241-18.2001.8.26.0602,NA,Espécies de Contratos,Execução de Título Extrajudicial,Foro de Sorocaba,Marcos José Corrêa,6ª Vara Cível,05/06/2001 às 15:28 - Livre,30/05/2022 00:00 - Prazo 30 - pz. 30/06/22,2001/001725,Cível,"R$ 151.920,87","0001241-18.2001.8.26.0602, 11113-2001, 602.01.2001.001241",GQZ0100YH0000,FALSE,NA,NA
0011868-73.2009.8.26.0320,NA,Empresas,Procedimento Comum Cível,Foro de Limeira,RILTON JOSE DOMINGUES,2ª Vara Cível,04/06/2009 às 16:57 - Direcionada,28/09/2022 00:00 - Prazo 01,2009/001836,Cível,"R$ 17.561.683,22","320.01.2009.011868, 0011868-73.2009.8.26.0320",8WZ09095O0000,FALSE,NA,NA
0016732-98.2020.8.26.0602,NA,Constrição / Penhora / Avaliação / Indisponibilidade de Bens,Embargos à Execução,Foro de Sorocaba,Marcos José Corrêa,6ª Vara Cível,16/10/2020 às 16:51 - Dependência (0001241-18.2001.8.26.0602),30/05/2022 00:00 - Prazo 30 - pz. 30/06/22,2020/001742,Cível,"R$ 10.000,00",NA,GQ000MROB0000,FALSE,NA,0001241-18.2001.8.26.0602
0024447-53.2009.8.26.0320,NA,NA,Cautelar Inominada,Foro de Limeira,RILTON JOSE DOMINGUES,2ª Vara Cível,30/11/2009 às 17:44 - Direcionada,28/09/2022 00:00 - Prazo 01,2009/003803,Cível,"R$ 374.041,25","0024447-53.2009.8.26.0320, 320.01.2009.024447",8WZ090IV30000,FALSE,NA,0011868-73.2009.8.26.0320
0113092-63.0400.8.26.0090,NA,Dívida Ativa,Execução Fiscal,Foro das Execuções Fiscais Municipais,Renato de Andrade Siqueira,Vara das Execuções Fiscais Municipais,29/09/2004 às 15:41 - Livre,24/03/2022 00:00 - Cartório - PROC. IV - VOLTA TJ - PACOTE 400. 1261,2004/114415,Cível,"R$ 3.510,20","113092/04-0, 583.90.0400.5964830, 113092/04",2IV50Z5720000,FALSE,NA,NA
0154837-91.1992.8.26.0002,NA,Contratos Bancários,Execução de Título Extrajudicial,Foro Regional II - Santo Amaro,CLAUDIO SALVETTI D ANGELO,3ª Vara Cível,13/03/1992 às 09:01 - Livre,NA,0/000000,Cível,"Cr$ 66.024.798,72","002.92.154837-9, 583.02.1992.154837",02ZWY2SID0000,TRUE,NA,NA
0193895-04.1992.8.26.0002,Suspenso,Obrigações,Execução de Título Extrajudicial,Foro Regional II - Santo Amaro,Marian Najjar Abdo,4ª Vara Cível,01/09/1992 às 17:21 - Livre,07/10/2015 00:00 - Arquivo Geral,0/000000,Cível,"Cr$ 68.565.996,52","583.02.1992.193895, 002.92.193895-9",02ZWY3MNB0000,FALSE,NA,NA
1000317-50.2022.8.26.0150,NA,Espécies de Contratos,Execução de Título Extrajudicial,Foro de Cosmópolis,Maria Thereza Nogueira Pinto,Vara Única,22/02/2022 às 11:01 - Livre,NA,2022/000593,Cível,"R$ 840.412,45",NA,460001X4L0000,TRUE,NA,NA
1002589-69.2022.8.26.0068,NA,Cédula de Crédito Bancário,Procedimento Comum Cível,Foro de Barueri,Raul de Aguiar Ribeiro Filho,3ª Vara Cível,21/02/2022 às 16:19 - Livre,NA,2022/000346,Cível,"R$ 279.676,64",NA,1W001B4PT0000,TRUE,NA,NA
1002593-09.2022.8.26.0068,NA,Cédula de Crédito Bancário,Execução de Título Extrajudicial,Foro de Barueri,Renata Bittencourt Couto da Costa,4ª Vara Cível,21/02/2022 às 16:33 - Livre,NA,2022/000288,Cível,"R$ 257.946,00",NA,1W001B4PX0000,TRUE,NA,NA
1006353-80.2022.8.26.0224,NA,Cédula de Crédito Bancário,Execução de Título Extrajudicial,Foro de Guarulhos,LARISSA BONI VALIERIS,2ª Vara Cível,21/02/2022 às 15:06 - Livre,NA,2022/000407,Cível,"R$ 19.540,33",NA,68001BYTO0000,TRUE,NA,NA
1007592-21.2018.8.26.0011,NA,Nota Promissória,Execução de Título Extrajudicial,Foro Regional XI - Pinheiros,Diego Ferreira Mendes,4ª Vara Cível,27/07/2018 às 11:26 - Livre,NA,2018/001098,Cível,"R$ 244.015,38",NA,0B001565T0000,TRUE,NA,NA
1008950-21.2018.8.26.0011,Em grau de recurso,Valor da Execução / Cálculo / Atualização,Embargos à Execução,Foro Regional XI - Pinheiros,Diego Ferreira Mendes,4ª Vara Cível,29/08/2018 às 15:33 - Dependência (1007592-21.2018.8.26.0011),NA,2018/001301,Cível,"R$ 244.015,38",NA,0B001584U0000,FALSE,NA,NA
1009481-53.2021.8.26.0577,Tramitação prioritária,Contratos Bancários,Procedimento Comum Cível,Foro de São José dos Campos,Emerson Norio Chinen,7ª Vara Cível,14/04/2021 às 13:30 - Livre,NA,2021/000545,Cível,"R$ 3.434.944,00",NA,G1000K5YV0000,TRUE,NA,NA
1039604-52.2017.8.26.0002,Extinto,Esbulho / Turbação / Ameaça,Embargos de Terceiro Cível,Foro Regional II - Santo Amaro,CLAUDIO SALVETTI D ANGELO,3ª Vara Cível,10/08/2017 às 15:04 - Dependência (0154837-91.1992.8.26.0002),NA,2017/001928,Cível,"R$ 2.216.515,98",NA,02001HN290000,TRUE,Constrição / Penhora / Avaliação / Indisponibilidade de Bens,NA
0010037-87.2017.8.26.0100,Suspenso,Espécies de Contratos,Procedimento Comum Cível,Foro Central Cível,Inah de Lemos e Silva Machado,19ª Vara Cível,24/02/2017 às 16:15 - Dependência (0009556-27.2017.8.26.0100),NA,2017/000397,Cível,"R$ 22.992.000,00",NA,2S000OI5E0000,TRUE,NA,NA
0065208-49.2005.8.26.0100,NA,Recuperação judicial e Falência,"Falência de Empresários, Sociedades Empresáriais, Microempresas e Empresas de Pequeno Porte",Foro Central Cível,PAULO FURTADO DE OLIVEIRA FILHO,2ª Vara de Falências e Recuperações Judiciais,17/06/2005 às 15:59 - Livre,NA,2005/000022,Cível,"R$ 1.000.000,00","000.05.065208-7, 583.00.2005.065208",2SZX5RI7S0000,TRUE,NA,NA
0143651-38.2010.8.26.0100,Suspenso,Adimplemento e Extinção,Notificação,Foro Central Cível,Melissa Bertolucci,27ª Vara Cível,14/05/2010 às 16:28 - Livre,NA,2010/000886,Cível,"R$ 2.000,00",583.00.2010.143651,2SZX8SCRN0000,TRUE,NA,NA
0907680-47.1996.8.26.0100,NA,Contratos Bancários,Procedimento Comum Cível,Foro Central Cível,CAMILA RODRIGUES BORGES DE AZEVEDO,19ª Vara Cível,10/04/1996 às 12:00 - Livre,06/10/2004 00:00 - Conversão de Dados - Tribunal de Justiça - seção de direito Privado.,1996/000811,Cível,"R$ 10.000,00","00096907680-/9, 583.00.1996.907680",2SZX0WNTS0000,FALSE,NA,NA
1000859-59.2019.8.26.0090,NA,Imunidade,Embargos à Execução Fiscal,Foro das Execuções Fiscais Municipais,Renato de Andrade Siqueira,Vara das Execuções Fiscais Municipais,13/03/2019 às 13:03 - Dependência (1500457-18.2019.8.26.0090),NA,2019/013805,Cível,"R$ 6.619.302,26",1500457-18.2019.8.26.0090,2I000KJVN0000,TRUE,Isenção,1500457-18.2019.8.26.0090
1000921-02.2019.8.26.0090,NA,Isenção,Embargos à Execução Fiscal,Foro das Execuções Fiscais Municipais,Milton Gomes Baptista Ribeiro,Vara das Execuções Fiscais Municipais,18/03/2019 às 10:56 - Dependência (1507395-29.2019.8.26.0090),NA,2019/013878,Cível,"R$ 1.511.331,99",1507395-29.2019.8.26.0090,2I000KJXR0000,TRUE,NA,1507395-29.2019.8.26.0090
1009993-95.2015.8.26.0302,Tramitação prioritária,Falência decretada,"Falência de Empresários, Sociedades Empresáriais, Microempresas e Empresas de Pequeno Porte",Foro de Jaú,Paula Maria Castro Ribeiro Bressan,3ª Vara Cível,10/12/2015 às 09:43 - Livre,NA,2015/002264,Cível,"R$ 100.000,00",NA,8E0001W3E0000,TRUE,Recuperação judicial e Falência,NA
1021468-30.2015.8.26.0114,NA,Nota Promissória,Execução de Título Extrajudicial,Foro de Campinas,NA,3ª Vara Cível,07/07/2015 às 07:33 - Livre,NA,2015/001539,Cível,"R$ 76.364.138,49",NA,360005N1W0000,TRUE,NA,NA
1023281-66.2017.8.26.0100,Em grau de recurso,Inexequibilidade do Título / Inexigibilidade da Obrigação,Embargos à Execução,Foro Central Cível,LUCIANA BIAGIO LAQUIMIA,17ª Vara Cível,16/03/2017 às 20:11 - Dependência (1043887-52.2016.8.26.0100),NA,2017/000432,Cível,"R$ 632.629.772,86",NA,2S000OR3A0000,FALSE,DIREITO PROCESSUAL CIVIL E DO TRABALHO - Liquidação / Cumprimento / Execução - Efeito Suspensivo / Impugnação / Embargos à Execução,NA
1030812-77.2015.8.26.0100,NA,Inadimplemento,Recuperação Judicial,Foro Central Cível,Leonardo Fernandes dos Santos,1ª Vara de Falências e Recuperações Judiciais,31/03/2015 às 17:43 - Livre,NA,2015/000074,Cível,"R$ 9.192.347.643,13",NA,2S000G9XB0000,TRUE,NA,NA
1038660-86.2020.8.26.0053,NA,Repetição de indébito,Procedimento Comum Cível,Foro Central - Fazenda Pública/Acidentes,Celina Kiyomi Toyoshima,4ª Vara de Fazenda Pública,10/08/2020 às 21:50 - Livre,NA,2020/001363,Cível,"R$ 435.384,76",NA,1H000I0AE0000,TRUE,NA,NA
1050877-88.2018.8.26.0100,Suspenso,Inexequibilidade do Título / Inexigibilidade da Obrigação,Embargos à Execução,Foro Central Cível,LUCIANA BIAGIO LAQUIMIA,17ª Vara Cível,11/05/2018 às 21:01 - Dependência (1043887-52.2016.8.26.0100),NA,2018/000961,Cível,"R$ 632.629.772,86",NA,2S000V4P00000,TRUE,NA,NA
1059880-09.2014.8.26.0100,Suspenso,Câmbio,Execução de Título Extrajudicial,Foro Central Cível,Tamara Hochgreb Matos,24ª Vara Cível,27/06/2014 às 17:47 - Livre,NA,2014/001190,Cível,"R$ 32.704.504,08",NA,2S000D8IP0000,TRUE,Nota Promissória,NA
1062980-30.2018.8.26.0100,Suspenso,Pagamento,Protesto,Foro Central Cível,Renato de Abreu Perine,42ª Vara Cível,15/06/2018 às 16:31 - Livre,NA,2018/000980,Cível,"R$ 1.000,00",NA,2S000VPJQ0000,TRUE,NA,NA
1068768-54.2020.8.26.0100,"Suspenso, Tramitação prioritária",DIREITO PROCESSUAL CIVIL E DO TRABALHO - Liquidação / Cumprimento / Execução - Efeito Suspensivo / Impugnação / Embargos à Execução,Embargos à Execução,Foro Central Cível,LUCIANA BIAGIO LAQUIMIA,17ª Vara Cível,03/08/2020 às 21:44 - Dependência (1009377-71.2020.8.26.0100),NA,2020/001178,Cível,"R$ 21.284.197,41",NA,2S001AEKQ0000,TRUE,NA,NA
1075864-91.2018.8.26.0100,Suspenso,Pagamento,Protesto,Foro Central Cível,FABIANA MARINI,35ª Vara Cível,23/07/2018 às 22:13 - Livre,NA,2018/001132,Cível,"R$ 1.000,00",NA,2S000W78G0000,TRUE,NA,NA
1080229-91.2018.8.26.0100,Suspenso,Objetos de cartas precatórias/de ordem,Notificação,Foro Central Cível,PAULA REGINA SCHEMPF CATTAN,1ª Vara Cível,03/08/2018 às 15:04 - Livre,NA,2018/001312,Cível,"R$ 1.000,00",NA,2S000WD7R0000,TRUE,NA,NA
1090657-69.2017.8.26.0100,Suspenso,Direitos e Títulos de Crédito,Execução de Título Extrajudicial,Foro Central Cível,Andrea de Abreu e Braga,10ª Vara Cível,12/09/2017 às 22:02 - Livre,NA,2017/001790,Cível,"R$ 83.460.707,43",NA,2S000RIN50000,TRUE,NA,NA
1094322-64.2015.8.26.0100,Extinto,Liquidação / Cumprimento / Execução,Embargos à Execução,Foro Central Cível,Patrícia Martins Conceição,37ª Vara Cível,15/09/2015 às 09:28 - Dependência (1064844-11.2015.8.26.0100),NA,2015/001769,Cível,"R$ 102.025.412,61",NA,2S000I7TA0000,TRUE,NA,NA
1103236-83.2016.8.26.0100,NA,Recuperação judicial e Falência,Recuperação Judicial,Foro Central Cível,PAULO FURTADO DE OLIVEIRA FILHO,2ª Vara de Falências e Recuperações Judiciais,16/09/2016 às 22:03 - Livre,NA,2016/000680,Cível,"R$ 1.021.809.568,40",NA,2S000MP8Y0000,TRUE,NA,NA
1111330-88.2014.8.26.0100,"Suspenso, Tramitação prioritária",Espécies de Contratos,Cautelar Inominada,Foro Central Cível,Guilherme Madeira Dezem,44ª Vara Cível,06/11/2014 às 08:03 - Livre,NA,2014/002223,Cível,"R$ 100.000,00",NA,2S000ERBK0000,TRUE,NA,1133286-29.2015.8.26.0100
1117028-75.2014.8.26.0100,NA,Contratos Bancários,Execução de Título Extrajudicial,Foro Central Cível,LEILA HASSEM DA PONTE,25ª Vara Cível,21/11/2014 às 10:43 - Livre,NA,2014/002239,Cível,"R$ 2.602.497,44",NA,2S000EXG50000,TRUE,NA,NA
1500241-55.2017.8.26.0081,NA,IPTU/ Imposto Predial e Territorial Urbano,Execução Fiscal,Foro de Adamantina,Ruth Duarte Menegatti,3ª Vara,15/09/2017 às 17:02 - Livre,NA,2017/001123,Cível,"R$ 2.030,78",NA,290000QH40000,TRUE,"Taxa de Limpeza Pública,Taxa de Prevenção e Combate a Incêndio",NA
4002126-82.2013.8.26.0071,Extinto,Perdas e Danos,Procedimento Comum Cível,Foro de Bauru,ARTHUR DE PAULA GONCALVES,4ª Vara Cível,09/10/2013 às 14:00 - Livre,NA,2013/001850,Cível,"R$ 2.400,00",NA,1Z00004GO0000,TRUE,NA,NA
0036859-86.1982.8.26.0053,NA,Pagamento,Procedimento Comum Cível,Foro Central - Fazenda Pública/Acidentes,Paula Fernanda de Souza Vasconcelos Navarro,Unidade de Processamento das Execuções contra a Fazenda Pública da Comarca da Capital - UPEFAZ,02/08/2006 às 00:00 - Livre,NA,2005/020919,Cível,"Cr$ 102.043,91","053.82.036859-9, 9588/82, 583.53.1982.036859",1HZWS1XFF0000,TRUE,NA,NA
0164365-82.2011.8.26.0100,Suspenso,Contratos Bancários,Monitória,Foro Central Cível,NA,6ª Vara Cível,07/07/2011 às 14:08 - Livre,25/06/2018 00:00 - Arquivo Geral - Arquivado em 25/06/2018.,2011/001212,Cível,"R$ 169.397,54",583.00.2011.164365,2SZX9E8CT0000,FALSE,NA,NA
0188041-64.2008.8.26.0100,NA,Recuperação judicial e Falência,"Falência de Empresários, Sociedades Empresáriais, Microempresas e Empresas de Pequeno Porte",Foro Central Cível,JOAO DE OLIVEIRA RODRIGUES FILHO,1ª Vara de Falências e Recuperações Judiciais,28/08/2008 às 09:31 - Direcionada,NA,2008/000298,Cível,"R$ 100.000,00","100.08.188041-0, 583.00.2008.188041",2SZX7MFT50000,TRUE,NA,NA
1001471-18.2019.8.26.0568,Tramitação prioritária,Concurso de Credores,Recuperação Judicial,Foro de Campinas,Adriana Barrea,1ª Vara Cível,03/04/2019 às 15:29 - Livre,NA,2019/000674,Cível,"R$ 1.045.695.679,27",0015770-72.2019.8.26.0000,FS0001XNA0000,TRUE,NA,NA
1010111-27.2014.8.26.0037,NA,Recuperação judicial e Falência,Recuperação Judicial,Foro Central Cível,Leonardo Fernandes dos Santos,1ª Vara de Falências e Recuperações Judiciais,08/09/2014 às 09:10 - Direcionada,NA,2014/000200,Cível,"R$ 100.000,00",NA,110001ZLN0000,TRUE,NA,NA
1019551-68.2018.8.26.0114,Tramitação prioritária,Concurso de Credores,Recuperação Judicial,Foro de Campinas,EDUARDO BIGOLIN,8ª Vara Cível,07/05/2018 às 14:16 - Direcionada,NA,2018/001299,Cível,"R$ 2.879.963.123,27",NA,36000E2AM0000,TRUE,NA,NA
1022200-53.2015.8.26.0100,Suspenso,Recuperação judicial e Falência,Embargos à Execução,Foro Central Cível,Mariana de Souza Neves Salinas,31ª Vara Cível,11/03/2015 às 08:52 - Dependência (1012086-55.2015.8.26.0100),NA,2015/000480,Cível,"R$ 15.115.911,13",NA,2S000G0G00000,TRUE,NA,NA
1047719-20.2021.8.26.0100,NA,Pagamento em Consignação,Procedimento Comum Cível,Foro Central Cível,Maria Carolina de Mattos Bertoldo,21ª Vara Cível,25/06/2021 às 13:54 - Livre,NA,2021/001108,Cível,"R$ 141.906.743,95",NA,2S001ETPJ0000,TRUE,NA,NA
1057756-77.2019.8.26.0100,Tramitação prioritária,Concurso de Credores,Recuperação Judicial,Foro Central Cível,JOAO DE OLIVEIRA RODRIGUES FILHO,1ª Vara de Falências e Recuperações Judiciais,17/06/2019 às 18:10 - Dependência (1050977-09.2019.8.26.0100),NA,2019/003198,Cível,"R$ 83.627.096.922,18",NA,2S0012IW70000,TRUE,NA,NA
1069420-76.2017.8.26.0100,Tramitação prioritária,Concurso de Credores,Recuperação Judicial,Foro Central Cível,PAULO FURTADO DE OLIVEIRA FILHO,2ª Vara de Falências e Recuperações Judiciais,17/07/2017 às 03:01 - Livre,NA,2017/000694,Cível,"R$ 340.948.867.772,00",NA,2S000QOQU0000,TRUE,Administração judicial,NA
1071904-64.2017.8.26.0100,"Em grau de recurso, Tramitação prioritária",Recuperação extrajudicial,Recuperação Extrajudicial,Foro Central Cível,Ralpho Waldo De Barros Monteiro Filho,2ª Vara de Falências e Recuperações Judiciais,22/07/2017 às 02:00 - Livre,NA,2017/000727,Cível,"R$ 2.467.205.427,52",NA,2S000QSET0000,FALSE,NA,NA
1091898-15.2016.8.26.0100,Extinto,Rural - Agrícola/Pecuário,Execução de Título Extrajudicial,Foro Central Cível,Christopher Alexander Roisin,14ª Vara Cível,18/08/2016 às 18:05 - Livre,NA,2016/001782,Cível,"R$ 40.526.319,88",NA,2S000MBKR0000,TRUE,NA,NA
1135005-36.2021.8.26.0100,NA,Concurso de Credores,Recuperação Judicial,Foro Central Cível,Ralpho Waldo De Barros Monteiro Filho,2ª Vara de Falências e Recuperações Judiciais,11/12/2021 às 00:09 - Livre,NA,2021/003917,Cível,"R$ 179.376.672,34",NA,2S001IATQ0000,TRUE,NA,NA
0001500-50.1995.8.26.0302,Suspenso,NA,Execução de Título Extrajudicial,Foro de Jaú,Guilherme Eduardo Mendes Tarcia e Fazzio,4ª Vara Cível,26/04/1995 às 00:00 - Livre,21/10/2016 00:00 - Arquivo Geral - retorno arquivo geral recall em 21/10/2016,1995/000307,Cível,"R$ 21.759,00","302.01.1995.001500, 2524-1995, 0001500-50.1995.8.26.0302",8EZ2N015O0000,FALSE,NA,NA
0013257-23.1995.8.26.0114,Suspenso,Responsabilidade Civil,Procedimento Comum Cível,Foro de Campinas,Guilherme Fernandes Cruz Humberto,9ª Vara Cível,16/05/1995 às 00:00 - Livre,NA,1995/001166,Cível,"R$ 71.241,79","114.01.1995.013257, 284224-1995, 0013257-23.1995.8.26.0114",36Z2N0A890000,TRUE,NA,NA
0042386-92.2003.8.26.0114,Suspenso,Títulos de Crédito,Outros Feitos não Especificados,Foro de Campinas,ANDRE PEREIRA DE SOUZA,6ª Vara Cível,05/09/2003 às 16:34 - Direcionada,01/04/2022 00:00 - Arquivo Geral - Coleta Iron Moutain,2003/003146,Cível,"R$ 160.000,00","0042386-92.2003.8.26.0114, 53038-2003, 114.01.2003.042386",36Z030WPE0000,FALSE,NA,NA
0111886-83.2009.8.26.0100,NA,Recuperação judicial e Falência,Recuperação Judicial,Foro Central Cível,PAULO FURTADO DE OLIVEIRA FILHO,2ª Vara de Falências e Recuperações Judiciais,03/02/2009 às 13:10 - Direcionada,NA,2009/000030,Cível,"R$ 10.000,00","583.00.2009.111886, 100.09.111886-0",2SZX868NI0000,TRUE,NA,NA
0612419-78.1992.8.26.0100,Suspenso,NA,Execução de Título Extrajudicial,Foro Central Cível,HENRIQUE DADA PAIVA,8ª Vara Cível,02/04/1992 às 15:14 - Direcionada,26/11/2018 00:00 - Arquivo Geral - 1º VOLUME - PACOTE 5283/98 E 2º VOLUME - PACOTE 9997/07,0/000000,Cível,"Cr$ 176.800,00","583.00.1992.612419, 00092612419-/9",2SZWYCLKZ0000,FALSE,NA,NA
0904799-59.1980.8.26.0100,Tramitação prioritária,Liquidação,"Falência de Empresários, Sociedades Empresáriais, Microempresas e Empresas de Pequeno Porte",Foro Central Cível,Clarissa Somesom Tauk,3ª Vara de Falências e Recuperações Judiciais,14/03/2018 às 15:22 - Direcionada,NA,2018/000910,Cível,NA,"583.00.1980.904799, 00080904799-/9",2SZWRDNXB0000,TRUE,NA,NA
0907680-47.1996.8.26.0100,NA,Contratos Bancários,Procedimento Comum Cível,Foro Central Cível,CAMILA RODRIGUES BORGES DE AZEVEDO,19ª Vara Cível,10/04/1996 às 12:00 - Livre,06/10/2004 00:00 - Conversão de Dados - Tribunal de Justiça - seção de direito Privado.,1996/000811,Cível,"R$ 10.000,00","00096907680-/9, 583.00.1996.907680",2SZX0WNTS0000,FALSE,NA,NA
1007765-40.2015.8.26.0079,NA,Espécies de Títulos de Crédito,Execução de Título Extrajudicial,Foro de Botucatu,José Antonio Tedeschi,3ª Vara Cível,24/09/2015 às 16:31 - Livre,NA,2015/002442,Cível,"R$ 1.454.032,56",NA,270001ZIJ0000,TRUE,Cédula de Crédito Bancário,NA
1131337-04.2014.8.26.0100,NA,Espécies de Contratos,Execução de Título Extrajudicial,Foro Central Cível,Douglas Iecco Ravacci,33ª Vara Cível,08/01/2015 às 16:26 - Livre,NA,2015/000020,Cível,"R$ 521.459,36",NA,2S000FCFX0000,TRUE,NA,NA
0000160-25.1998.8.26.0445,Suspenso,NA,Execução de Título Extrajudicial,Foro de Pindamonhangaba,Wellington Urbano Marinho,2ª Vara Cível,25/05/1998 às 14:41 - Livre,09/12/2016 00:00 - Arquivo Geral - Regularização do Sistema SAJ/PG5 - Caixa 1876/2012,1998/000604,Cível,"R$ 29.291,18","10898-1998, 445.01.1998.000160, 0000160-25.1998.8.26.0445",CDZ2Q004G0000,FALSE,NA,NA
0000293-33.1999.8.26.0445,Suspenso,Contratos Bancários,Execução de Título Extrajudicial,Foro de Pindamonhangaba,EDUARDO PASSOS BHERING CARDOSO,1ª Vara Cível,08/03/1999 às 14:49 - Livre,03/05/2022 00:00 - Arquivo Geral,1999/000309,Cível,"R$ 80.881,04","0000293-33.1999.8.26.0445, 445.01.1999.000293, 1347-1999",CDZ2R00850000,FALSE,NA,NA
0000436-53.2000.8.26.0488,NA,Espécies de Títulos de Crédito,Execução de Título Extrajudicial,Foro de Queluz,LUCAS CAMPOS DE SOUZA,Vara Única,12/04/2000 às 15:07 - Livre,21/07/2022 00:00 - Advogado - EDGARD RIBEIRO DE QUEIROZ NETO,2000/000122,Cível,"R$ 149.205,94","488.01.2000.000436, 412-2000, 0000436-53.2000.8.26.0488",DKZ0000C40000,FALSE,NA,NA
0000448-70.1998.8.26.0445,Extinto,Direitos e Títulos de Crédito,Execução de Título Extrajudicial,Foro de Pindamonhangaba,EDUARDO PASSOS BHERING CARDOSO,1ª Vara Cível,08/06/1998 às 14:22 - Livre,24/02/2016 00:00 - Arquivo Geral - Arquivado no Pacote 3470/2016,1998/000667,Cível,"R$ 4.169,17","12285-1998, 445.01.1998.000448, 0000448-70.1998.8.26.0445",CDZ2Q00CG0000,FALSE,NA,NA
0001192-65.2015.8.26.0220,NA,Contratos Bancários,Procedimento Comum Cível,Foro de Guaratinguetá,Paulo César Ribeiro Meireles,1ª Vara,20/02/2015 às 14:14 - Livre,02/05/2022 00:00 - Gabinete do Juiz,2015/000195,Cível,"R$ 52.118,10",NA,6400023Y20000,FALSE,"Cédula de Crédito Bancário,Propriedade Fiduciária",NA
0006218-73.2000.8.26.0445,Suspenso,NA,Execução de Título Extrajudicial,Foro de Pindamonhangaba,HELIO APARECIDO FERREIRA DE SENA,3ª Vara Cível,19/12/2000 às 13:50 - Livre,08/05/2019 00:00 - Arquivo Geral,2000/001848,Cível,"R$ 57.294,08","9403-2000, 445.01.2000.006218, 0006218-73.2000.8.26.0445",CDZ0004SQ0000,FALSE,NA,NA
0010567-35.1998.8.26.0625,Suspenso,NA,Execução de Título Extrajudicial,Foro de Taubaté,José Claudio Abrahão Rosa,1ª Vara Cível,20/12/2005 às 12:47 - Direcionada,19/06/2008 00:00 - Conversão de Dados - Arquivo do Cartório - arquivado,2005/002862,Cível,"R$ 68.857,33","0010567-35.1998.8.26.0625, 9079-1998, 625.01.1998.010567",HDZ2Q085J0000,FALSE,NA,NA
0018349-18.2013.8.26.0577,NA,Liminar,Arrolamento de Bens,Foro de São José dos Campos,ARION SILVA GUIMARAES,3ª Vara de Família e Sucessões,23/04/2013 às 16:42 - Direcionada,19/10/2022 00:00 - Recebimento - pc outros 19-10,2013/001139,Cível,"R$ 1.000,00",NA,G10004FQL0000,FALSE,NA,0034609-73.2013.8.26.0577
0210818-77.2002.8.26.0577,Suspenso,Contratos Bancários,Execução de Título Extrajudicial,Foro de São José dos Campos,Paulo de Tarso Bilard de Carvalho,2ª Vara Cível,13/03/2002 às 14:21 - Livre,12/08/2013 16:14 - Arquivo Geral,2002/000575,Cível,"R$ 5.890,52","8351/2002, 577.02.210818-9, 575/2002",G1Z104IO20000,FALSE,NA,NA
1003178-95.2018.8.26.0587,Suspenso,Contratos Bancários,Execução de Título Extrajudicial,Foro de São Sebastião,Vitor Hugo Aquino de Oliveira,1ª Vara Cível,03/10/2018 às 17:06 - Livre,NA,2018/001576,Cível,"R$ 644.523,62",NA,GB00017PL0000,TRUE,NA,1000361-87.2020.8.26.0587
0000113-10.2007.8.26.0292,NA,Espécies de Títulos de Crédito,Procedimento Comum Cível,Foro de Jacareí,Maurício Brisque Neiva,2ª Vara Cível,05/01/2007 às 14:15 - Direcionada,NA,2007/000011,Cível,"R$ 435.000,00","0000113-10.2007.8.26.0292, 292.01.2007.000113",84Z0700350000,TRUE,NA,NA
0123978-07.1983.8.26.0100,Tramitação prioritária,Recuperação judicial e Falência,"Falência de Empresários, Sociedades Empresáriais, Microempresas e Empresas de Pequeno Porte",Foro Central Cível,Maria Rita Rebello Pinho Dias,3ª Vara de Falências e Recuperações Judiciais,13/12/2017 às 09:58 - Direcionada,NA,2017/000841,Cível,NA,"00083123978-/9, 583.00.1983.123978",2SZWSP8960000,TRUE,NA,NA
0152590-64.1997.8.26.0002,Suspenso,Inventário e Partilha,Arrolamento Comum,Foro Regional II - Santo Amaro,Analuísa Livorati Oliva De Biasi Pereira da Silva,2ª Vara da Família e Sucessões,04/03/1997 às 16:28 - Direcionada,27/04/2022 00:00 - Arquivo Geral,0/000000,Cível,"R$ 1.918.418,07","002.97.152590-9, 583.02.1997.152590",02ZX11WSU0000,FALSE,NA,0987896-18.1984.8.26.0002
0800047-96.1981.8.26.0004,NA,Nota Promissória,Execução de Título Extrajudicial,Foro Regional IV - Lapa,LUCIA HELENA BOCCHI FAIBICHER,1ª Vara Cível,30/12/1981 às 08:00 - Livre,NA,1981/001254,Cível,"Cr$ 3.075.000,00",1292/1981,040013BE90000,TRUE,NA,NA
0902847-40.1983.8.26.0100,Tramitação prioritária,Empresas,"Falência de Empresários, Sociedades Empresáriais, Microempresas e Empresas de Pequeno Porte",Foro Central Cível,Clarissa Somesom Tauk,3ª Vara de Falências e Recuperações Judiciais,07/12/2017 às 15:05 - Direcionada,NA,2017/000580,Cível,NA,"583.00.1983.902847, 00083902847-/9",2SZWT5X8F0000,TRUE,NA,NA
0907680-47.1996.8.26.0100,NA,Contratos Bancários,Procedimento Comum Cível,Foro Central Cível,CAMILA RODRIGUES BORGES DE AZEVEDO,19ª Vara Cível,10/04/1996 às 12:00 - Livre,06/10/2004 00:00 - Conversão de Dados - Tribunal de Justiça - seção de direito Privado.,1996/000811,Cível,"R$ 10.000,00","00096907680-/9, 583.00.1996.907680",2SZX0WNTS0000,FALSE,NA,NA
1000260-67.2020.8.26.0161,NA,Obrigações,Procedimento do Juizado Especial Cível,Foro Regional II - Santo Amaro,Andrea Ayres Trigo,2ª Vara do Juizado Especial Cível,17/02/2020 às 12:05 - Livre,NA,2020/000691,Cível,"R$ 10.700,00",NA,4H0006ITY0000,TRUE,Espécies de Contratos,NA
1016892-54.2020.8.26.0005,NA,Práticas Abusivas,Procedimento Comum Cível,Foro Regional V - São Miguel Paulista,Trazibulo José Ferreira da Silva,2ª Vara Cível,11/11/2020 às 16:06 - Livre,NA,2020/002349,Cível,"R$ 21.500,00",NA,05001D4NC0000,TRUE,Indenização por Dano Moral,NA
1507126-32.2018.8.26.0152,NA,Dívida Ativa,Execução Fiscal,Foro de Cotia,CARLOS ALEXANDRE AIBA AGUEMI,SAF - Serviço de Anexo Fiscal,06/12/2018 às 23:17 - Livre,NA,2018/006880,Cível,"R$ 24.585,26",NA,4800056LH0000,TRUE,NA,NA
0000003-72.1988.8.26.0584,Suspenso,Espécies de Títulos de Crédito,Execução de Título Extrajudicial,Foro de São Pedro,Luis Carlos Martins,1ª Vara,04/04/1988 às 00:00 - Livre,24/04/2018 00:00 - Arquivo Geral,1988/000170,Cível,"Cz$ 1.167.129,98","584.01.1988.000003, 0000003-72.1988.8.26.0584",G8Z2G00030000,FALSE,NA,NA
0000005-38.1987.8.26.0629,Arquivado,NA,Execução de Título Extrajudicial,Foro de Tietê,RENATA XAVIER DA SILVA SALMASO,1ª Vara,01/09/1987 às 00:00 - Livre,NA,1987/000485,Cível,"Cz$ 2.236.429,17","629.01.1987.000005, 0000005-38.1987.8.26.0629",HHZ2F00050000,FALSE,NA,NA
0000026-06.1981.8.26.0344,Suspenso,Contratos Bancários,Execução de Título Extrajudicial,Foro de Marília,LUIS CESAR BERTONCINI,3ª Vara Cível,06/12/2016 às 14:20 - Livre,08/05/2017 00:00 - Arquivo Geral,2016/001806,Cível,"Cr$ 1.300.000,00","344.01.1981.000026, 0000026-06.1981.8.26.0344",9KZ29000Q0000,FALSE,NA,NA
0000135-55.2022.8.26.0482,Tramitação prioritária,Bancários,Procedimento do Juizado Especial Cível,Foro de Presidente Prudente,NA,Vara do Juizado Especial Cível,11/01/2022 às 10:33 - Livre,NA,2022/000041,Cível,"R$ 8.000,00",NA,DE000AZR80000,TRUE,NA,NA
0000143-13.2020.8.26.0220,NA,Indenização por Dano Moral,Procedimento do Juizado Especial Cível,Foro de Guaratinguetá,Claudia Aparecida de Araujo,Vara do Juizado Especial Cível e Criminal,24/01/2020 às 13:59 - Livre,NA,2020/000122,Cível,"R$ 20.000,00",NA,6400042HZ0000,TRUE,NA,NA
0000193-12.1987.8.26.0506,Suspenso,NA,Execução de Título Extrajudicial,Foro de Ribeirão Preto,HEBER MENDES BATISTA,4ª Vara Cível,03/02/1987 às 12:00 - Livre,NA,1987/000178,Cível,"Cz$ 231.813,68","178.87.004100-0, 178/1987, 193/1987",E2Z100WY50000,FALSE,NA,NA
0000466-95.2010.8.26.0146,NA,Recuperação judicial e Falência,Recuperação Judicial,Foro de Cordeirópolis,JULIANA SILVA FREITAS,Vara Única,05/04/2010 às 16:03 - Livre,07/10/2022 00:00 - Juntada de Petição - Analise de Petição 05/10/22,2010/000212,Cível,"R$ 100.000,00","0000466-95.2010.8.26.0146, 146.01.2010.000466",42Z0A00CY0000,FALSE,NA,NA
0000939-03.2001.8.26.0565,Suspenso,NA,Outros Feitos não Especificados,Foro de São Caetano do Sul,Érika Ricci,1ª Vara Cível,12/02/2001 às 13:00 - Direcionada,11/01/2017 00:00 - Arquivo do Cartório,2001/000190,Cível,"R$ 1.000,00","565.01.2001.000939, 0000939-03.2001.8.26.0565, 21778-2001",FPZ0100Q30000,FALSE,NA,NA
0001369-07.1995.8.26.0066,Suspenso,NA,Execução de Título Extrajudicial,Foro de Barretos,Douglas Borges da Silva,3ª Vara Cível,05/06/1995 às 12:58 - Livre,15/01/2016 00:00 - Arquivo Geral,1995/000581,Cível,"R$ 12.875,95","2913-1995, 0001369-07.1995.8.26.0066, 066.01.1995.001369",1UZ2N01210000,FALSE,NA,NA
0001491-59.2014.8.26.0355,NA,Divisão e Demarcação,Procedimento Comum Cível,Foro de Miracatu,Barbara Donadio Antunes Chinen,1ª Vara,28/07/2014 às 11:36 - Livre,NA,2014/000615,Cível,"R$ 11.775,21",NA,9V00001VF0000,TRUE,Posse,NA
0002166-71.1998.8.26.0132,NA,Contratos Bancários,Execução de Título Extrajudicial,Foro de Catanduva,MARIA CLARA SCHMIDT DE FREITAS,2ª Vara Cível,07/08/1998 às 15:11 - Livre,28/09/2022 00:00 - Prazo 28 - 28/10/2022,1998/001710,Cível,"R$ 143.323,04","132.01.1998.002166, 14589-1998, 0002166-71.1998.8.26.0132",3OZ2Q01O60000,FALSE,NA,NA
0002396-49.2007.8.26.0019,Suspenso,NA,Monitória,Foro de Americana,Fabiana Calil Canfour de Almeida,1ª Vara Cível,15/02/2007 às 14:41 - Livre,27/02/2019 00:00 - Arquivo Geral - maço 5870/2019,2007/000189,Cível,"R$ 68.540,50","019.01.2007.002396, 0002396-49.2007.8.26.0019",0JZ0701UK0000,FALSE,NA,NA
0002654-93.2010.8.26.0394,Suspenso,Nota Promissória,Procedimento Comum Cível,Foro de Nova Odessa,GUILHERME SOUZA LIMA AZEVEDO,1ª Vara Judicial,17/06/2010 às 11:05 - Livre,16/08/2018 00:00 - Arquivo Geral - PROCESSO ARQUIVADO NA CAIXA Nº 4199/2018,2010/001226,Cível,"R$ 10.000,00","0002654-93.2010.8.26.0394, 394.01.2010.002654",AYZ0A021Q0000,FALSE,NA,NA
0003403-56.1996.8.26.0506,Suspenso,NA,Execução de Título Extrajudicial,Foro de Ribeirão Preto,NA,8ª Vara Cível,21/02/1996 às 07:53 - Livre,NA,1996/000277,Cível,"R$ 22.740,00","277/1996, 277.96.008100-0, 3403/1996",E2Z101G0U0000,FALSE,NA,NA
0003754-22.2013.8.26.0445,Em grau de recurso,Contratos Bancários,Procedimento Comum Cível,Foro de Pindamonhangaba,HELIO APARECIDO FERREIRA DE SENA,3ª Vara Cível,16/04/2013 às 15:09 - Livre,11/11/2021 00:00 - Tribunal de Justiça de São Paulo,2013/000667,Cível,"R$ 50.000,00","044.52.0130.003754, 0003754-22.2013.8.26.0445",CDZ0D02WA0000,FALSE,Liminar,NA
0003783-66.1998.8.26.0132,NA,Contratos Bancários,Execução de Título Extrajudicial,Foro de Catanduva,MARIA CLARA SCHMIDT DE FREITAS,2ª Vara Cível,23/09/1998 às 13:56 - Livre,21/10/2022 00:00 - Aguardando Publicação,1998/002131,Cível,"R$ 148.301,35","132.01.1998.003783, 17096-1998, 0003783-66.1998.8.26.0132",3OZ2Q02X30000,FALSE,NA,NA
0003897-72.2010.8.26.0394,NA,Recuperação judicial e Falência,Embargos à Execução,Foro de Nova Odessa,GUILHERME SOUZA LIMA AZEVEDO,1ª Vara Judicial,13/09/2010 às 18:31 - Livre,08/02/2022 00:00 - Arquivo Geral - FILA 18,2010/001818,Cível,"R$ 10.000,00","0003897-72.2010.8.26.0394, 394.01.2010.003897",AYZ0A03090000,FALSE,NA,NA
0004123-38.2008.8.26.0462,NA,Valor da Execução / Cálculo / Atualização,Cumprimento de sentença,Foro de Poá,Valmir Maurici Júnior,2ª Vara Cível,11/04/2008 às 14:14 - Livre,17/10/2022 00:00 - Cartório - Minuta,2008/000710,Cível,"R$ 21.367,93",462.01.2008.004123,CUZX7IHWB0000,FALSE,NA,NA
0004340-68.2007.8.26.0510,NA,Recuperação judicial e Falência,"Falência de Empresários, Sociedades Empresáriais, Microempresas e Empresas de Pequeno Porte",Foro de Rio Claro,CLAUDIO LUIS PAVAO,4ª Vara Cível,13/04/2007 às 12:01 - Livre,05/10/2022 00:00 - Mesa do Escrevente - Mesa Alessandro,2007/000527,Cível,"R$ 10.000,00","0004340-68.2007.8.26.0510, 527/2007, 510.01.2007.004340",E6Z0703CK0000,FALSE,NA,NA
0004900-60.2012.8.26.0663,Suspenso,Alienação Fiduciária,Busca e Apreensão em Alienação Fiduciária,Foro de Votorantim,GRAZIELA GOMES DOS SANTOS BIAZZIM,2ª Vara Cível,30/07/2012 às 13:28 - Livre,05/10/2015 00:00 - Arquivo Geral - pacote 793/2015,2012/001265,Cível,"R$ 31.237,30","663.01.2012.004900, 0004900-60.2012.8.26.0663",IFZ0C03S40000,FALSE,NA,NA
0005763-71.2003.8.26.0100,"Suspenso, Tramitação prioritária",Alteração de Coisa Comum,Procedimento Comum Cível,Foro Central Cível,Cinara Palhares,15ª Vara Cível,17/01/2003 às 11:05 - Livre,01/10/2021 00:00 - Juntada de Petição - 01/10/2021,2003/000099,Cível,"R$ 101.600,00","583.00.2003.005763, 00003005763-/9",2SZX4JD4Z0000,FALSE,NA,NA
0006183-20.1995.8.26.0565,NA,Liquidação,"Falência de Empresários, Sociedades Empresáriais, Microempresas e Empresas de Pequeno Porte",Foro de São Caetano do Sul,Érika Ricci,1ª Vara Cível,21/09/1995 às 16:14 - Livre,12/08/2022 00:00 - Advogado - Silvia Regina Estrela,1995/001201,Cível,"R$ 1.000,00","565.01.1995.006183, 7667-1995, 0006183-20.1995.8.26.0565",FPZ2N04RR0000,FALSE,NA,NA
0006678-24.2007.8.26.0604,NA,Liquidação / Cumprimento / Execução,Execução de Título Extrajudicial,Foro de Sumaré,ANA LUCIA GRANZIOL,1ª Vara Cível,11/06/2007 às 16:59 - Livre,NA,2007/001232,Cível,"R$ 42.672,35","604.01.2007.006678, 0006678-24.2007.8.26.0604",GSZ07055I0000,TRUE,NA,NA
0009465-30.2007.8.26.0344,Arquivado,NA,Procedimento Comum Cível,Foro de Marília,Valdeci Mendes de Oliveira,4ª Vara Cível,18/04/2007 às 03:22 - Livre,08/02/2012 00:00 - Conversão de Dados - Arquivo Geral - AGUARDANDO ULTERIOR PROVOCAÇÃO NO ARQUIVO,2007/000887,Cível,"R$ 12.470,53","344.01.2007.009465, 0009465-30.2007.8.26.0344",9KZ0707AX0000,FALSE,NA,NA
0010034-75.2013.8.26.0132,Suspenso,Esbulho / Turbação / Ameaça,Embargos de Terceiro Cível,Foro de Catanduva,MARIA CLARA SCHMIDT DE FREITAS,2ª Vara Cível,03/07/2013 às 17:25 - Direcionada,26/06/2017 00:00 - Prazo 28 - Solicitado pelo requerente,2013/001080,Cível,"R$ 500.000,00","013.22.0130.010034, 0010034-75.2013.8.26.0132",3OZ0D07QQ0000,FALSE,NA,NA
0013455-76.2010.8.26.0068,Suspenso,Alienação Fiduciária,Execução de Título Extrajudicial,Foro de Barueri,DANIELA NUDELIMAN GUIGUET LEAL,2ª Vara Cível,21/05/2010 às 15:30 - Livre,03/11/2021 00:00 - Arquivo Geral,2010/001370,Cível,"R$ 253.747,23",068.01.2010.013455,1WZ1NM8BB0000,FALSE,NA,NA
0018316-82.2005.8.26.0100,Suspenso,Espécies de Contratos,Cumprimento de sentença,Foro Central Cível,Paula Velloso Rodrigues Ferreri,40ª Vara Cível,25/02/2005 às 16:06 - Livre,16/12/2015 00:00 - Arquivo Geral - pacote nº 9871/2015,2005/000299,Cível,"R$ 9.600,00","00005018316-/8, 583.00.2005.018316",2SZX5QI180000,FALSE,NA,NA
0018344-57.2007.8.26.0269,NA,Recuperação judicial e Falência,Recuperação Judicial,Foro de Itapetininga,APARECIDO CESAR MACHADO,2ª Vara Cível,09/11/2007 às 19:06 - Livre,25/01/2022 00:00 - Ministério Público,2007/001990,Cível,"R$ 10.000,00","269.01.2007.018344, 0018344-57.2007.8.26.0269",7HZ070E5K0000,FALSE,NA,NA
0020069-33.1999.8.26.0602,Suspenso,NA,Outros Feitos não Especificados,Foro de Sorocaba,JOSE CARLOS METROVICHE,2ª Vara Cível,22/02/1999 às 15:21 - Livre,09/10/2017 00:00 - Arquivo Geral - Arquivo Geral em 09/10/2017 RECALL F9001971284630 01 Ap (Impug. ao Valor da Causa) CAIXA 3943/00,1999/000408,Cível,"R$ 2.586,72","0020069-33.1999.8.26.0602, 3095-1999, 602.01.1999.020069",GQZ2R0FHH0000,FALSE,NA,NA
0021070-15.2009.8.26.0566,Suspenso,Cédula de Crédito Bancário,Outros Feitos não Especificados,Foro de São Carlos,MARCELO LUIZ SEIXAS CABRAL,2ª Vara Cível,10/12/2009 às 15:49 - Livre,05/07/2022 00:00 - Arquivo do Cartório,2009/002225,Cível,"R$ 15.850,00","0021070-15.2009.8.26.0566, 566.01.2009.021070",FQZ090G9A0000,FALSE,NA,NA
0021433-70.0400.8.26.0090,Em grau de recurso,ISS/ Imposto sobre Serviços,Execução Fiscal,Foro das Execuções Fiscais Municipais,Josué Modesto Passos,Vara das Execuções Fiscais Municipais,13/02/2004 às 00:00 - Livre,10/10/2019 00:00 - Tribunal de Justiça de São Paulo,2004/021645,Cível,"R$ 4.926.069,37","21433/04, 21433/04-0, 583.90.0400.5150566",2IV506T0S0000,FALSE,NA,NA
0021438-92.0400.8.26.0090,Tramitação prioritária,ISS/ Imposto sobre Serviços,Execução Fiscal,Foro das Execuções Fiscais Municipais,Rodrigo Pereira Angelim,Vara das Execuções Fiscais Municipais,13/02/2004 às 16:21 - Livre,16/07/2021 00:00 - No Cartório,2004/021651,Cível,"R$ 792.991,74","21438/04-0, 21438/04, 583.90.0400.5150574",2IV506T2J0000,FALSE,NA,NA
0021441-47.0400.8.26.0090,"Em grau de recurso, Tramitação prioritária",ISS/ Imposto sobre Serviços,Execução Fiscal,Foro das Execuções Fiscais Municipais,Rodrigo Pereira Angelim,Vara das Execuções Fiscais Municipais,13/02/2004 às 13:44 - Livre,29/06/2021 00:00 - Tribunal de Justiça de São Paulo,2004/021655,Cível,"R$ 110.545,96","583.90.0400.5150582, 21441/04-0, 21441/04",2IV506T3Y0000,FALSE,NA,NA
0021445-84.0400.8.26.0090,NA,ISS/ Imposto sobre Serviços,Execução Fiscal,Foro das Execuções Fiscais Municipais,Rodrigo Pereira Angelim,Vara das Execuções Fiscais Municipais,13/02/2004 às 10:41 - Livre,21/10/2022 00:00 - Cartório - PROC IV 8 ANDAR BAIXA PMSP LOTE 12 21/10/22,2004/021660,Cível,"R$ 4.794,48","21445/04-0, 21445/04, 583.90.0400.5150590",2IV506T5J0000,FALSE,NA,NA
0029197-21.2005.8.26.0100,Arquivado,Títulos de Crédito,Procedimento Comum Cível,Foro Central Cível,Laura de Mattos Almeida,29ª Vara Cível,28/03/2005 às 11:15 - Livre,17/01/2020 00:00 - Arquivo Geral,2005/000507,Cível,"R$ 99.993,63","583.00.2005.029197, 00005029197-/1",2SZX5QQFH0000,FALSE,NA,NA
0045025-91.2004.8.26.0100,Em grau de recurso,NA,Cautelar Inominada,Foro Central Cível,Mariana de Souza Neves Salinas,31ª Vara Cível,29/04/2004 às 12:41 - Livre,10/02/2014 00:00 - Tribunal de Justiça de São Paulo,2004/000845,Cível,"R$ 1.000,00","583.00.2004.045025, 00004045025-/2",2SZX55N1D0000,FALSE,NA,NA
0046458-18.2013.8.26.0100,NA,Inadimplemento,"Falência de Empresários, Sociedades Empresáriais, Microempresas e Empresas de Pequeno Porte",Foro Central Cível,JOAO DE OLIVEIRA RODRIGUES FILHO,1ª Vara de Falências e Recuperações Judiciais,15/07/2013 às 16:11 - Livre,NA,2013/000166,Cível,"R$ 638.077,07",NA,2S0009APW0000,TRUE,NA,NA
0059564-96.2003.8.26.0100,Suspenso,Espécies de Contratos,Monitória,Foro Central Cível,Claudio Antonio Marquesi,24ª Vara Cível,26/05/2003 às 13:18 - Livre,NA,2003/000970,Cível,"R$ 316.819,28","00003059564-/9, 583.00.2003.059564",2SZX4KING0000,TRUE,NA,NA
0066961-51.1999.8.26.0100,Suspenso,Mútuo,Execução de Título Extrajudicial,Foro Central Cível,DANIELA DEJUSTE DE PAULA,29ª Vara Cível,11/06/1999 às 18:37 - Livre,12/12/2016 00:00 - Arquivo Geral - 1 º Volume com 1 apenso e 2 º ao 4 º Volume arquivados no pacote n º 12256/2013 e 5 º Volume arquivado no pacote n º 12257/2013,1999/001628,Cível,"R$ 199.250,30","00099066961-/0, 583.00.1999.066961",2SZX26XXT0000,FALSE,NA,NA
0067512-26.2002.8.26.0100,Suspenso,NA,Execução de Título Extrajudicial,Foro Central Cível,Priscilla Bittar Neves Netto,36ª Vara Cível,22/04/2002 às 13:32 - Livre,15/09/2016 00:00 - Arquivo Geral - Arquivo Geral de Jundiaí em 22/09/16,2002/001054,Cível,"R$ 195.699,34","583.00.2002.067512, 00002067512-/7",2SZX3Z96G0000,FALSE,NA,NA
0076276-06.1999.8.26.0100,Extinto,NA,Procedimento Comum Cível,Foro Central Cível,Felipe Poyares Miranda,16ª Vara Cível,02/07/1999 às 11:10 - Livre,12/11/2014 00:00 - Serviço de Máquina - Of,1999/001804,Cível,"R$ 5.000,00","00099076276-/9, 583.00.1999.076276",2SZX2754K0000,FALSE,NA,NA
0099969-19.1999.8.26.0100,NA,Contratos Bancários,Execução de Título Extrajudicial,Foro Central Cível,Sang Duk Kim,7ª Vara Cível,30/08/1999 às 11:43 - Livre,NA,1999/002259,Cível,"R$ 100.519,24","583.00.1999.099969, 00099099969-/6",2SZX27NEP0000,TRUE,NA,NA
0103058-74.2004.8.26.0100,NA,Contratos Bancários,Execução de Título Extrajudicial,Foro Central Cível,ADRIANA CARDOSO DOS REIS,37ª Vara Cível,25/10/2004 às 16:26 - Livre,NA,2004/001676,Cível,"R$ 518.704,99","00004103058-/3, 583.00.2004.103058",2SZX56VTE0000,TRUE,NA,NA
0110256-55.2010.8.26.0100,Suspenso,Contratos Bancários,Monitória,Foro Central Cível,GUILHERME SILVEIRA TEIXEIRA,23ª Vara Cível,10/02/2010 às 17:15 - Livre,31/01/2020 00:00 - Arquivo Geral - arquivado 6 volumes,2010/000216,Cível,"R$ 1.240.918,75",583.00.2010.110256,2SZX8RN000000,FALSE,NA,NA
0113127-39.2002.8.26.0100,Suspenso,DIREITO PROCESSUAL CIVIL E DO TRABALHO - Liquidação / Cumprimento / Execução - Efeito Suspensivo / Impugnação / Embargos à Execução,Execução de Título Extrajudicial,Foro Central Cível,Thania Pereira Teixeira De Carvalho Cardin,36ª Vara Cível,17/06/2002 às 14:27 - Livre,30/05/2017 00:00 - Arquivo Geral - Arquivo Geral do Ipiranga em 01/06/2017,2002/001711,Cível,"R$ 188.086,04","583.00.2002.113127, 00002113127-/9",2SZX408DJ0000,FALSE,NA,NA
0113128-24.2002.8.26.0100,NA,Espécies de Contratos,Execução de Título Extrajudicial,Foro Central Cível,Rogério Márcio Teixeira,34ª Vara Cível,17/06/2002 às 14:03 - Livre,19/08/2022 00:00 - Arquivo Geral,2002/001762,Cível,"R$ 150.264,15","583.00.2002.113128, 00002113128-/7",2SZX408DK0000,FALSE,NA,NA
0119570-40.2001.8.26.0100,Suspenso,NA,Execução de Título Extrajudicial,Foro Central Cível,RODRIGO RAMOS,1ª Vara Cível,22/10/2001 às 12:00 - Livre,08/11/2014 00:00 - Arquivo Geral,2001/002128,Cível,"R$ 253.604,79","00001119570-/3, 583.00.2001.119570",2SZX3EXQQ0000,FALSE,NA,NA
0132789-47.2006.8.26.0100,Suspenso,NA,Execução de Título Extrajudicial,Foro Central Cível,Melissa Bertolucci,27ª Vara Cível,28/03/2006 às 15:44 - Livre,NA,2006/000496,Cível,"R$ 147.188,68",583.00.2006.132789,2SZX6EDYT0000,TRUE,NA,NA
0183389-38.2007.8.26.0100,NA,Alienação Fiduciária,Busca e Apreensão em Alienação Fiduciária,Foro Central Cível,VALDIR DA SILVA QUEIROZ JUNIOR,9ª Vara Cível,15/06/2007 às 16:13 - Livre,NA,2007/001208,Cível,"R$ 233.028,15",583.00.2007.183389,2SZX70WM50000,TRUE,NA,NA
0184155-67.2002.8.26.0100,NA,Pagamento,Procedimento Comum Cível,Foro Central Cível,FLAVIA POYARES MIRANDA,28ª Vara Cível,23/09/2002 às 12:38 - Livre,NA,2002/002830,Cível,"R$ 76.242,82","583.00.2002.184155, 00002184155-/1",2SZX41R6J0000,TRUE,NA,NA
0205901-88.2002.8.26.0100,Suspenso,Obrigações,Execução de Título Extrajudicial,Foro Central Cível,Edna Kyoko Kano,18ª Vara Cível,08/11/2002 às 10:29 - Livre,12/03/2020 00:00 - Arquivo Geral - 9020001417192 - 2 vol,2002/003191,Cível,"R$ 247.870,47","00002205901-/6, 583.00.2002.205901, 5922/2002",2SZX427YL0000,FALSE,NA,NA
0244104-12.2008.8.26.0100,Em grau de recurso,NA,Procedimento Comum Cível,Foro Central Cível,Renato Acacio de Azevedo Borsanelli,2ª Vara Cível,12/01/2009 às 17:46 - Livre,07/08/2019 00:00 - Tribunal de Justiça de São Paulo,2009/000122,Cível,"R$ 10.000,00",583.00.2008.244104,2SZX7NN2G0000,FALSE,NA,NA
0522257-32.1995.8.26.0100,NA,Inexequibilidade do Título / Inexigibilidade da Obrigação,Execução de Título Extrajudicial,Foro Central Cível,Tom Alexandre Brandão,2ª Vara Cível,25/07/1995 às 12:00 - Livre,NA,0/000000,Cível,"R$ 117.764,99","00095522257-/9, 583.00.1995.522257",2SZX02YTT0000,TRUE,NA,NA
0709115-45.1993.8.26.0100,Tramitação prioritária,Recuperação judicial e Falência,"Falência de Empresários, Sociedades Empresáriais, Microempresas e Empresas de Pequeno Porte",Foro Central Cível,Clarissa Somesom Tauk,3ª Vara de Falências e Recuperações Judiciais,11/12/2017 às 18:07 - Direcionada,NA,2017/000783,Cível,"Cr$ 1.000.000,00","00093709115-/9, 583.00.1993.709115",2SZWZ03SR0000,TRUE,NA,NA
0735932-78.1995.8.26.0100,Suspenso,NA,Execução de Título Extrajudicial,Foro Central Cível,Priscilla Bittar Neves Netto,36ª Vara Cível,04/10/1995 às 12:00 - Livre,30/06/2005 00:00 - Conversão de Dados - Arquivo Geral,0/000000,Cível,"R$ 30.997,03","00095735932-/9, 583.00.1995.735932",2SZX07JP80000,FALSE,NA,NA
0739802-29.1998.8.26.0100,Tramitação prioritária,Recuperação judicial e Falência,"Falência de Empresários, Sociedades Empresáriais, Microempresas e Empresas de Pequeno Porte",Foro Central Cível,Maria Rita Rebello Pinho Dias,3ª Vara de Falências e Recuperações Judiciais,19/01/2018 às 17:39 - Direcionada,NA,2018/000372,Cível,NA,"583.00.1998.739802, 00098739802-/9",2SZX1ZXI20000,TRUE,NA,NA
0840593-40.1997.8.26.0100,Tramitação prioritária,Obrigações,"Falência de Empresários, Sociedades Empresáriais, Microempresas e Empresas de Pequeno Porte",Foro Central Cível,Clarissa Somesom Tauk,3ª Vara de Falências e Recuperações Judiciais,19/12/2017 às 15:09 - Direcionada,NA,2017/001103,Cível,"R$ 50.865,27","583.00.1997.840593, 00097840593-/9",2SZX1GNO10000,TRUE,NA,NA
0907680-47.1996.8.26.0100,NA,Contratos Bancários,Procedimento Comum Cível,Foro Central Cível,CAMILA RODRIGUES BORGES DE AZEVEDO,19ª Vara Cível,10/04/1996 às 12:00 - Livre,06/10/2004 00:00 - Conversão de Dados - Tribunal de Justiça - seção de direito Privado.,1996/000811,Cível,"R$ 10.000,00","00096907680-/9, 583.00.1996.907680",2SZX0WNTS0000,FALSE,NA,NA
0940304-81.1998.8.26.0100,NA,DIREITO PROCESSUAL CIVIL E DO TRABALHO - Liquidação / Cumprimento / Execução - Efeito Suspensivo / Impugnação / Embargos à Execução,Execução de Título Extrajudicial,Foro Central Cível,Priscilla Bittar Neves Netto,36ª Vara Cível,04/09/1998 às 12:00 - Livre,NA,0/000000,Cível,"R$ 392.766,70","583.00.1998.940304, 00098940304-/9",2SZX2487K0000,TRUE,NA,NA
1000191-66.2021.8.26.0010,NA,Empréstimo consignado,Procedimento Comum Cível,Foro Regional X - Ipiranga,Carlos Antonio da Costa,3ª Vara Cível,20/01/2021 às 09:30 - Livre,NA,2021/000030,Cível,"R$ 38.877,92",NA,0A0013V4V0000,TRUE,NA,NA
1000217-39.2018.8.26.0602,Tramitação prioritária,Aquisição,Usucapião,Foro de Sorocaba,Marcos José Corrêa,4ª Vara Cível,08/01/2018 às 19:03 - Livre,NA,2018/000014,Cível,"R$ 74.016,36",NA,GQ000A8ZW0000,TRUE,Usucapião Conjugal,NA
1000946-58.2018.8.26.0281,Tramitação prioritária,Levantamento de Valor,Arrolamento Comum,Foro de Itatiba,RENATA HELOISA DA SILVA SALLES,1ª Vara Cível,14/03/2018 às 13:31 - Livre,NA,2018/000469,Cível,"R$ 5.000,00",NA,7T00027M50000,TRUE,NA,NA
1001471-18.2019.8.26.0568,Tramitação prioritária,Concurso de Credores,Recuperação Judicial,Foro de Campinas,Adriana Barrea,1ª Vara Cível,03/04/2019 às 15:29 - Livre,NA,2019/000674,Cível,"R$ 1.045.695.679,27",0015770-72.2019.8.26.0000,FS0001XNA0000,TRUE,NA,NA
1001601-51.2021.8.26.0337,Tramitação prioritária,Indenização por Dano Moral,Procedimento Comum Cível,Foro de Mairinque,Camila Mota Giorgetti,1ª Vara,19/07/2021 às 10:46 - Livre,NA,2021/001133,Cível,"R$ 5.245,75",NA,9D0001KML0000,TRUE,NA,NA
1001790-97.2017.8.26.0101,Tramitação prioritária,Concurso de Credores,Recuperação Judicial,Foro de Caçapava,Rodrigo Valério Sbruzzi,1ª Vara Cível,14/06/2017 às 15:42 - Direcionada,NA,2017/000882,Cível,"R$ 392.288.017,77",NA,2T0000WNR0000,TRUE,NA,NA
1001939-97.2019.8.26.0659,NA,Contratos Bancários,Procedimento Comum Cível,Foro de Vinhedo,Érica Midori Sanada,2ª Vara,16/07/2019 às 17:31 - Livre,NA,2019/001028,Cível,"R$ 20.000,00",NA,IB0002JLJ0000,TRUE,NA,NA
1002282-88.2014.8.26.0006,"Suspenso, Tramitação prioritária",DIREITO PROCESSUAL CIVIL E DO TRABALHO-Liquidação / Cumprimento / Execução-Obrigação de Fazer / Não Fazer,Procedimento Comum Cível,Foro Regional VI - Penha de França,Deborah Lopes,2ª Vara Cível,26/02/2014 às 15:34 - Livre,NA,2014/000357,Cível,"R$ 35.700,00",NA,060012N880000,TRUE,NA,NA
1002914-61.2021.8.26.0106,Em grau de recurso,Empréstimo consignado,Procedimento Comum Cível,Foro de Caieiras,DANIEL NAKAO MAIBASHI,2ª Vara,05/10/2021 às 19:32 - Livre,NA,2021/002004,Cível,"R$ 10.259,90",NA,2Y0003A100000,FALSE,NA,NA
1003053-29.2019.8.26.0576,NA,Recuperação extrajudicial,Recuperação Judicial,Foro de São José do Rio Preto,Luiz Fernando Cardoso Dal Poz,7ª Vara Cível,29/01/2019 às 11:17 - Direcionada,NA,2019/000180,Cível,"R$ 56.160.357,77",NA,G0000BRNJ0000,TRUE,NA,NA
1003182-41.2018.8.26.0100,Suspenso,Valor da Execução / Cálculo / Atualização,Cumprimento de sentença,Foro Central Cível,Rogério Márcio Teixeira,34ª Vara Cível,18/01/2018 às 13:06 - Dependência (0144390-16.2007.8.26.0100),NA,2018/000140,Cível,"R$ 118.651.433,00",NA,2S000T97T0000,TRUE,NA,NA
1003199-40.2019.8.26.0198,"Em grau de recurso, Tramitação prioritária",Contratos Bancários,Procedimento Comum Cível,Foro de Franco da Rocha,Raul Marcio Siqueira Junior,1ª Vara Cível,23/08/2019 às 16:03 - Livre,NA,2019/001572,Cível,"R$ 45.125,28",NA,5I00035N10000,FALSE,NA,NA
1003424-17.2020.8.26.0201,Tramitação prioritária,Interpretação / Revisão de Contrato,Procedimento Comum Cível,Foro de Garça,TIAGO TADEU SANTOS COELHO,3ª Vara,09/12/2020 às 14:02 - Livre,NA,2020/001811,Cível,"R$ 10.000,00",NA,5L0002VK20000,TRUE,NA,NA
1003724-98.2021.8.26.0344,Suspenso,Contratos Bancários,Execução de Título Extrajudicial,Foro de Marília,Paula Jacqueline Bredariol de Oliveira,1ª Vara Cível,10/03/2021 às 18:01 - Livre,NA,2021/000267,Cível,"R$ 36.113,78",NA,9K000F1MY0000,TRUE,NA,NA
1003856-08.2022.8.26.0220,NA,Indenização por Dano Moral,Procedimento Comum Cível,Foro de Guaratinguetá,Maria Isabella Carvalhal Esposito Braga,3ª Vara,15/08/2022 às 17:51 - Livre,NA,2022/001303,Cível,"R$ 9.210,00",NA,640006AL30000,TRUE,Indenização por Dano Material,NA
1004012-75.2016.8.26.0100,"Em grau de recurso, Tramitação prioritária",Constrição / Penhora / Avaliação / Indisponibilidade de Bens,Embargos de Terceiro Cível,Foro Central Cível,MONICA DI STASI,3ª Vara Cível,19/01/2016 às 14:00 - Dependência (1001143-13.2014.8.26.0100),NA,2016/000083,Cível,"R$ 71.662,50",NA,2S000JJ2Y0000,FALSE,NA,NA
1004078-05.2022.8.26.0663,NA,Responsabilidade do Fornecedor,Procedimento do Juizado Especial Cível,Foro de Votorantim,Fabiano Rodrigues Crepaldi,Vara do Anexo do Juizado Especial Cível e Criminal,24/08/2022 às 10:19 - Livre,NA,2022/001266,Cível,"R$ 42.973,69",NA,IF0002IF80000,TRUE,NA,NA
1004737-90.2019.8.26.0510,NA,Administração judicial,"Falência de Empresários, Sociedades Empresáriais, Microempresas e Empresas de Pequeno Porte",Foro de Rio Claro,CLAUDIO LUIS PAVAO,4ª Vara Cível,04/06/2019 às 23:45 - Dependência (0004340-68.2007.8.26.0510),NA,2019/000628,Cível,"R$ 4.183.982,00",NA,E60004PVR0000,TRUE,Adimplemento e Extinção,NA
1007158-28.2022.8.26.0161,NA,Responsabilidade do Fornecedor,Procedimento Comum Cível,Foro de Diadema,Cintia Adas Abib,3ª Vara Cível,21/06/2022 às 18:02 - Livre,NA,2022/000936,Cível,"R$ 100.000,00",NA,4H0008W7E0000,TRUE,NA,NA
1007410-69.2022.8.26.0019,Tramitação prioritária,Concurso de Credores,Recuperação Judicial,Foro de Americana,MARCIO ROBERTO ALEXANDRE,3ª Vara Cível,29/06/2022 às 06:02 - Dependência (1007141-30.2022.8.26.0019),NA,2022/000942,Cível,"R$ 156.298.941,14",NA,0J0008NXG0000,TRUE,NA,1007141-30.2022.8.26.0019
1007614-34.2021.8.26.0477,"Em grau de recurso, Tramitação prioritária",Empréstimo consignado,Procedimento Comum Cível,Foro de Praia Grande,Eduardo Hipolito Haddad,1ª Vara Cível,31/05/2021 às 09:24 - Livre,NA,2021/001353,Cível,"R$ 51.937,54",NA,D9000DPKC0000,FALSE,NA,NA
1007706-27.2021.8.26.0278,NA,Capitalização / Anatocismo,Procedimento Comum Cível,Foro de Itaquaquecetuba,Antenor da Silva Cápua,1ª Vara Cível,30/09/2021 às 12:02 - Livre,NA,2021/002192,Cível,"R$ 12.052,90",NA,7Q00083320000,TRUE,NA,NA
1007871-46.2022.8.26.0664,Tramitação prioritária,Cláusulas Abusivas,Procedimento Comum Cível,Foro de Votuporanga,REINALDO MOURA DE SOUZA,1ª Vara Cível,15/09/2022 às 10:06 - Livre,NA,2022/001391,Cível,"R$ 332.730,84",NA,IG00081250000,TRUE,Práticas Abusivas,NA
1008688-33.2017.8.26.0132,NA,Nota Promissória,Execução de Título Extrajudicial,Foro de Catanduva,Marcelo Eduardo de Souza,3ª Vara Cível,12/09/2017 às 16:05 - Livre,NA,2017/001228,Cível,"R$ 930.586,39",NA,3O0002CMW0000,TRUE,NA,NA
1011242-60.2022.8.26.0068,Tramitação prioritária,Empréstimo consignado,Procedimento Comum Cível,Foro de Barueri,BRUNO PAES STRAFORINI,1ª Vara Cível,29/06/2022 às 18:05 - Livre,NA,2022/001106,Cível,"R$ 437.361,36",NA,1W001BG3Z0000,TRUE,NA,NA
1013816-03.2022.8.26.0506,Tramitação prioritária,Empréstimo consignado,Procedimento Comum Cível,Foro de Ribeirão Preto,CASSIO ORTEGA DE ANDRADE,3ª Vara Cível,12/04/2022 às 17:21 - Livre,NA,2022/000799,Cível,"R$ 22.157,00",NA,E2000N1GD0000,TRUE,Limitação de Juros,NA
1017778-46.2018.8.26.0224,Em grau de recurso,Indenização por Dano Material,Procedimento Comum Cível,Foro de Guarulhos,Beatriz de Souza Cabezas,4ª Vara Cível,21/05/2018 às 16:08 - Livre,NA,2018/001020,Cível,"R$ 10.000,00",NA,68000RZJQ0000,FALSE,NA,NA
1019458-57.2022.8.26.0602,Tramitação prioritária,Interpretação / Revisão de Contrato,Procedimento Comum Cível,Foro de Sorocaba,EMERSON TADEU PIRES DE CAMARGO,1ª Vara Cível,26/05/2022 às 15:32 - Livre,NA,2022/001095,Cível,"R$ 54.239,52",NA,GQ000S7PT0000,TRUE,NA,NA
1019488-52.2016.8.26.0554,Suspenso,Contratos Bancários,Execução de Título Extrajudicial,Foro de Santo André,Alberto Gentil de Almeida Pedroso,8ª Vara Cível,26/08/2016 às 17:51 - Livre,NA,2016/001373,Cível,"R$ 62.363,80",NA,FE0004N960000,TRUE,NA,NA
1023227-78.2019.8.26.0602,Extinto,Bancários,Procedimento Comum Cível,Foro de Sorocaba,EMERSON TADEU PIRES DE CAMARGO,1ª Vara Cível,19/06/2019 às 18:16 - Livre,NA,2019/001438,Cível,"R$ 7.841,00",NA,GQ000HLMD0000,TRUE,Empréstimo consignado,NA
1024614-85.2014.8.26.0576,"Suspenso, Tramitação prioritária",Revisão do Saldo Devedor,Procedimento Comum Cível,Foro de São José do Rio Preto,Ricardo de Carvalho Lorga,1ª Vara Cível,02/09/2014 às 11:55 - Livre,NA,2014/002187,Cível,"R$ 14.996,64",NA,G00001X3Y0000,TRUE,Antecipação de Tutela / Tutela Específica,NA
1026981-40.2022.8.26.0564,Tramitação prioritária,Práticas Abusivas,Procedimento Comum Cível,Foro de São Bernardo do Campo,Carlo Mazza Britto Melfi,5ª Vara Cível,22/09/2022 às 19:13 - Livre,NA,2022/001624,Cível,"R$ 83.425,10",NA,FO000JKWV0000,TRUE,NA,NA
1029529-18.2022.8.26.0021,Tramitação prioritária,Intimação,Carta Precatória Cível,Setor de Cartas Precatórias Cíveis - Cap,Carolina Pereira de Castro,Setor Unificado de Cartas Precatórias Cíveis,17/10/2022 às 14:41 - Livre,NA,2022/037566,Cível,"R$ 10.000,00",NA,0L000G4O10000,TRUE,NA,NA
1029955-89.2019.8.26.0100,Suspenso,Constrição / Penhora / Avaliação / Indisponibilidade de Bens,Embargos de Terceiro Cível,Foro Central Cível,Clarissa Rodrigues Alves,4ª Vara Cível,03/04/2019 às 20:07 - Dependência (0705966-46.1990.8.26.0100),NA,2019/000572,Cível,"R$ 7.894.233,00",NA,2S00111KB0000,TRUE,NA,NA
1030930-48.2018.8.26.0100,NA,Concurso de Credores,Recuperação Judicial,Foro Central Cível,PAULO FURTADO DE OLIVEIRA FILHO,2ª Vara de Falências e Recuperações Judiciais,20/03/2018 às 00:02 - Livre,NA,2018/000343,Cível,"R$ 228.921.439,86",NA,2S000UB3G0000,TRUE,NA,NA
1032072-11.2019.8.26.0114,NA,Classificação de créditos,Impugnação de Crédito,Foro de Campinas,Euzy Lopes Feijó Liberatti,1ª Vara Cível,20/08/2019 às 20:47 - Dependência (1001471-18.2019.8.26.0568),NA,2019/001855,Cível,"R$ 10.094.902,58",NA,36000JPHK0000,TRUE,NA,NA
1032187-83.2020.8.26.0506,"Em grau de recurso, Tramitação prioritária",Pagamento em Consignação,Consignação em Pagamento,Foro de Ribeirão Preto,Francisco Camara Marques Pereira,1ª Vara Cível,29/09/2020 às 16:25 - Livre,NA,2020/001887,Cível,"R$ 25.000,00",NA,E2000JJDW0000,FALSE,NA,NA
1032971-51.2019.8.26.0100,Em grau de recurso,Marca,Procedimento Comum Cível,Foro Central Cível,Eduardo Palma Pellegrinelli,2ª VARA EMPRESARIAL E CONFLITOS DE ARBITRAGEM,11/04/2019 às 17:14 - Livre,NA,2019/000332,Cível,"R$ 60.000,00",NA,2S00117H80000,FALSE,Propriedade Intelectual / Industrial,NA
1037551-82.2019.8.26.0114,NA,"Defeito, nulidade ou anulação",Procedimento Comum Cível,Foro Regional de Vila Mimosa,José Evandro Mello Costa,4ª Vara,22/11/2019 às 17:59 - Livre,NA,2019/003269,Cível,"R$ 20.000,00",NA,36000KAWK0000,TRUE,"Cláusulas Abusivas,Dever de Informação,Empréstimo consignado,Práticas Abusivas",NA
1041429-91.2018.8.26.0100,NA,Contratos Bancários,Procedimento Comum Cível,Foro Central Cível,Thania Pereira Teixeira De Carvalho Cardin,36ª Vara Cível,17/04/2018 às 01:05 - Livre,NA,2018/000723,Cível,"R$ 15.000,00",NA,2S000URFW0000,TRUE,NA,NA
1041778-18.2019.8.26.0114,"Suspenso, Tramitação prioritária",Reajuste contratual,Procedimento Comum Cível,Foro de Campinas,Renata Manzini,5ª Vara Cível,22/10/2019 às 18:47 - Livre,NA,2019/002384,Cível,"R$ 12.000,00",NA,36000KNTE0000,TRUE,NA,NA
1045316-71.2022.8.26.0576,NA,Indenização por Dano Moral,Procedimento do Juizado Especial Cível,Foro de São José do Rio Preto,EDUARDO GARCIA ALBUQUERQUE,Vara do Juizado Especial Cível,18/08/2022 às 12:39 - Livre,NA,2022/007221,Cível,"R$ 10.000,00",NA,G0000OQBM0000,TRUE,NA,NA
1047454-78.2018.8.26.0114,NA,Contratos Bancários,Procedimento Comum Cível,Foro de Campinas,Wagner Roby Gidaro,2ª Vara da Fazenda Pública,22/11/2018 às 11:03 - Livre,NA,2018/004113,Cível,"R$ 1.502.883,45",NA,36000G26D0000,TRUE,NA,NA
1050209-81.2022.8.26.0002,NA,Empréstimo consignado,Procedimento Comum Cível,Foro Regional II - Santo Amaro,ANDERSON CORTEZ MENDES,9ª Vara Cível,26/07/2022 às 17:03 - Livre,NA,2022/002523,Cível,"R$ 149.606,28",NA,02002BMUD0000,TRUE,Indenização por Dano Material,NA
1065474-96.2017.8.26.0100,NA,Contratos Bancários,Execução de Título Extrajudicial,Foro Central Cível,André Augusto Salvador Bezerra,42ª Vara Cível,05/07/2017 às 21:03 - Livre,NA,2017/001247,Cível,"R$ 6.290.595,05",NA,2S000QJBI0000,TRUE,NA,NA
1065476-66.2017.8.26.0100,NA,Contratos Bancários,Execução de Título Extrajudicial,Foro Central Cível,Adriana Sachsida Garcia,34ª Vara Cível,28/07/2017 às 14:41 - Livre,NA,2017/001871,Cível,"R$ 4.907.462,83",NA,2S000QJBJ0000,TRUE,NA,NA
1067895-25.2018.8.26.0100,Suspenso,Objetos de cartas precatórias/de ordem,Notificação,Foro Central Cível,ANTONIO CARLOS SANTORO FILHO,45ª Vara Cível,28/06/2018 às 20:05 - Livre,NA,2018/001102,Cível,"R$ 1.000,00",NA,2S000VVYH0000,TRUE,NA,NA
1068046-59.2016.8.26.0100,NA,Espécies de Contratos,Execução de Título Extrajudicial,Foro Central Cível,ADRIANA CARDOSO DOS REIS,37ª Vara Cível,01/07/2016 às 18:36 - Livre,NA,2016/001339,Cível,"R$ 1.218.669,24",NA,2S000LLLH0000,TRUE,NA,NA
1069386-38.2016.8.26.0100,"Suspenso, Tramitação prioritária",Constrição / Penhora / Avaliação / Indisponibilidade de Bens,Embargos de Terceiro Cível,Foro Central Cível,MONICA DI STASI,3ª Vara Cível,05/07/2016 às 19:07 - Dependência (1001143-13.2014.8.26.0100),NA,2016/001378,Cível,"R$ 81.208,00",NA,2S000LN0V0000,TRUE,NA,NA
1069420-76.2017.8.26.0100,Tramitação prioritária,Concurso de Credores,Recuperação Judicial,Foro Central Cível,PAULO FURTADO DE OLIVEIRA FILHO,2ª Vara de Falências e Recuperações Judiciais,17/07/2017 às 03:01 - Livre,NA,2017/000694,Cível,"R$ 340.948.867.772,00",NA,2S000QOQU0000,TRUE,Administração judicial,NA
1077891-18.2016.8.26.0100,"Suspenso, Tramitação prioritária",Constrição / Penhora / Avaliação / Indisponibilidade de Bens,Embargos de Terceiro Cível,Foro Central Cível,MONICA DI STASI,3ª Vara Cível,26/07/2016 às 15:28 - Dependência (1001143-13.2014.8.26.0100),NA,2016/001543,Cível,"R$ 74.784,00",NA,2S000LWKW0000,TRUE,"Esbulho / Turbação / Ameaça,Posse",NA
1084599-84.2016.8.26.0100,Suspenso,DIREITO CIVIL,Embargos à Execução,Foro Central Cível,Miguel Ferrari Junior,43ª Vara CÍvel,09/08/2016 às 14:57 - Dependência (1010855-56.2016.8.26.0100),NA,2016/001726,Cível,"R$ 396.102,20",NA,2S000M3XW0000,TRUE,Obrigações,NA
1091359-83.2015.8.26.0100,NA,Espécies de Títulos de Crédito,Execução de Título Extrajudicial,Foro Central Cível,Rogério de Camargo Arruda,26ª Vara Cível,04/09/2015 às 14:53 - Livre,NA,2015/001739,Cível,"R$ 9.463.487,38",NA,2S000I4O60000,TRUE,NA,NA
1092154-89.2015.8.26.0100,NA,Espécies de Títulos de Crédito,Execução de Título Extrajudicial,Foro Central Cível,Rogério de Camargo Arruda,26ª Vara Cível,08/09/2015 às 18:15 - Direcionada,NA,2015/001752,Cível,"R$ 4.346.749,75",NA,2S000I5JA0000,TRUE,NA,NA
1098625-48.2020.8.26.0100,Extinto,Marca,Procedimento Comum Cível,Foro Central Cível,Andre Salomon Tudisco,1ª VARA EMPRESARIAL E CONFLITOS DE ARBITRAGEM,20/10/2020 às 15:17 - Livre,NA,2020/001170,Cível,"R$ 100.000,00",NA,2S001BNZL0000,TRUE,NA,NA
1112148-69.2016.8.26.0100,"Extinto, Tramitação prioritária",Esbulho / Turbação / Ameaça,Embargos de Terceiro Cível,Foro Central Cível,MONICA DI STASI,3ª Vara Cível,11/10/2016 às 11:22 - Dependência (1001143-13.2014.8.26.0100),NA,2016/002144,Cível,"R$ 235.550,09",NA,2S000MZY70000,TRUE,Constrição / Penhora / Avaliação / Indisponibilidade de Bens,NA
1114321-95.2018.8.26.0100,NA,DIREITO PROCESSUAL CIVIL E DO TRABALHO-Liquidação / Cumprimento / Execução-Obrigação de Fazer / Não Fazer,Cumprimento de sentença,Foro Central Cível,Rogério Márcio Teixeira,34ª Vara Cível,06/11/2018 às 13:13 - Dependência (0197257-15.2009.8.26.0100),NA,2018/002744,Cível,"R$ 2.122.804,34",NA,2S000XWLV0000,TRUE,Valor da Execução / Cálculo / Atualização,NA
1121093-40.2019.8.26.0100,NA,DIREITO PROCESSUAL CIVIL E DO TRABALHO - Liquidação / Cumprimento / Execução - Efeito Suspensivo / Impugnação / Embargos à Execução,Embargos à Execução,Foro Central Cível,Adriana Sachsida Garcia,34ª Vara Cível,02/12/2019 às 12:25 - Dependência (1065476-66.2017.8.26.0100),NA,2019/002177,Cível,"R$ 4.907.462,83",NA,2S0016FSD0000,TRUE,NA,1065476-66.2017.8.26.0100
1126160-25.2015.8.26.0100,Suspenso,DIREITO PROCESSUAL CIVIL E DO TRABALHO - Liquidação / Cumprimento / Execução - Expropriação de Bens,Cumprimento de sentença,Foro Central Cível,Luiz Gustavo Esteves,11ª Vara Cível,08/12/2015 às 16:10 - Dependência (0123608-51.2008.8.26.0100),NA,2015/002603,Cível,"R$ 750.664,13",NA,2S000J7K00000,TRUE,NA,NA
1506376-07.2019.8.26.0019,NA,Dívida Ativa,Execução Fiscal,Foro de Americana,MARCIO ROBERTO ALEXANDRE,SAF - Serviço de Anexo Fiscal,28/02/2019 às 12:24 - Livre,NA,2019/005945,Cível,"R$ 1.607,73",NA,0J000501B0000,TRUE,NA,NA
1541749-12.2021.8.26.0090,NA,IPTU/ Imposto Predial e Territorial Urbano,Execução Fiscal,Foro das Execuções Fiscais Municipais,Rodrigo Pereira Angelim,Vara das Execuções Fiscais Municipais,03/06/2021 às 10:46 - Livre,NA,2021/042938,Cível,"R$ 199.912,00",NA,2I000P28K0000,TRUE,NA,NA
1553595-94.2019.8.26.0090,NA,ISS/ Imposto sobre Serviços,Execução Fiscal,Foro das Execuções Fiscais Municipais,Milton Gomes Baptista Ribeiro,Vara das Execuções Fiscais Municipais,31/07/2019 às 09:18 - Livre,NA,2019/057651,Cível,"R$ 1.258.837,37",NA,2I000LIAV0000,TRUE,NA,NA
